{
  "Search": [
    {
      "albumId": 1,
      "id": 1,
      "title": "The Small World",
      "description": "Please help raise $40,000 to support 40 girls from rural villages of Nepal with housing and education support each year.Please Support Needy People",
      "poster": "https://bit.ly/3F7wbZp",
      "value":20
     
    },
    {
      "albumId": 1,
      "id": 2,
      "title": "Origin Learning Fund",
      "description": "Please help Origin Learning fundraise $50,000 to empower indigenous and migrant young women through tailored quality digital education in La Guajira, Colombia.",
      "poster": "https://bit.ly/3h6xM8b",
      "value":20

    },
    {
      "albumId": 1,
      "id": 3,
      "title": "Donation For Flood In Pakistan",
      "description": "The number of damaged and destroyed houses now exceeds 2 million. Around 23,900 schools, 1,460 health facilities and 13,000 km of roads have also reportedly been damaged. ",
      "poster": "https://bit.ly/3fylBjZ",
      "value":40
    },
    {
      "albumId": 1,
      "id": 4,
      "title": "Dhammajarinee Witthaya School",
      "description": "Please help us raise $50,000 to purchase 205 laptops for the 410 girls in grades 7-9 to learn STEM and English at the Dhammajarinee Witthaya School.",
      "poster": "https://bit.ly/3U5mFLk",
      "value":30
    },
    {
      "albumId": 1,
      "id": 5,
      "title": "Women's Resource Center",
      "description": "Help us educate girls in Siem Reap, Cambodia about their sexual and reproductive rights and empower them to make educated choices!",
      "poster": "https://bit.ly/3SZyalZ",
      "value":85
    },
    {
      "albumId": 1,
      "id": 6,
      "title": "Girl Move",
      "description": "Help Girl Move raise $50,000.00 to help girls in Mozambique to recover learning loss due to setbacks from the COVID-19 pandemic..Please Support Needy People",
      "poster": "https://bit.ly/3WuHp0D",
      "value":50

    }
  ],
  "Recived_Dollar":[

    {
      "dollar":"30000$",
      "project":"Project Dollar"
    },
    {
      "dollar":"45000$",
      "project":"Project Found"
    },
    {
      "dollar":"35000$",
      "project":" Pledgar"
    }
  ],


  "Response": "True",
  "Total": "250"
}